"DESCRIPTION","DURATION IN MS","NAME","PARENT SUITE","START TIME","STATUS","STOP TIME","SUB SUITE","SUITE","TEST CLASS","TEST METHOD"
"","216","Обновление пользователя","api_project","Wed Aug 20 02:30:18 UTC 2025","passed","Wed Aug 20 02:30:18 UTC 2025","","test_api_basic","",""
"","147","Создание пользователя","api_project","Wed Aug 20 02:30:18 UTC 2025","passed","Wed Aug 20 02:30:18 UTC 2025","","test_api_basic","",""
"","650","Неуспешная авторизация","login_project.tests","Wed Aug 20 02:30:55 UTC 2025","passed","Wed Aug 20 02:30:56 UTC 2025","","test_login","",""
"","206","Попытка создания пользователя без тела","api_project","Wed Aug 20 02:30:18 UTC 2025","skipped","Wed Aug 20 02:30:18 UTC 2025","","test_api_basic","",""
"","277","Обращение к несуществующему ресурсу","api_project","Wed Aug 20 02:30:18 UTC 2025","passed","Wed Aug 20 02:30:19 UTC 2025","","test_api_basic","",""
"","111","Получение списка пользователей","api_project","Wed Aug 20 02:30:17 UTC 2025","passed","Wed Aug 20 02:30:18 UTC 2025","","test_api_basic","",""
"","77","Невалидный ключ доступа","api_project","Wed Aug 20 02:30:19 UTC 2025","skipped","Wed Aug 20 02:30:19 UTC 2025","","test_api_basic","",""
"","149","Удаление пользователя","api_project","Wed Aug 20 02:30:18 UTC 2025","passed","Wed Aug 20 02:30:18 UTC 2025","","test_api_basic","",""
"","30851","Успешная авторизация","login_project.tests","Wed Aug 20 02:30:19 UTC 2025","broken","Wed Aug 20 02:30:50 UTC 2025","","test_login","",""
